{"n":{"0":1321198909,"1":43482956953,"2":170685248329,"3":70650551527,"4":220653924529,"5":2530759467919,"6":23249783088313,"7":243363925237,"8":1631330743321,"9":33522008547439,"10":726606263862961,"11":2275317259085461,"12":722327903137,"13":46254945667087,"14":63524912536021,"15":2071140763977457,"16":60159697711585939,"17":83869182647758609,"18":16960156571041,"19":524084781136333,"20":1389768580085359,"21":23964372438835687,"22":442300103575990207,"23":922551425557449067,"24":3670536229650993583,"25":325973737026781,"26":4191737775272053,"27":51538375423079227,"28":137367313217024203,"29":1182531533818353541,"30":12633289732091379781,"31":324596282282388165037,"32":798881040126493578841,"33":4758389035151497,"34":16474712320929997,"35":544922385688714771,"36":4012363126545183667,"37":46921789088113353643,"38":583267145363541331981,"39":452622776446011237091,"40":19837848727863591423223,"41":137856419726461988242573},"p\/q":{"0":620.66552,"1":9.69437,"2":2.39792,"3":1269.85561,"4":67.52765,"5":31.43451,"6":2.59786,"7":19409.05309,"8":1774.64821,"9":120.276,"10":8.52398,"11":1.53896,"12":653926.5337800001,"13":6611.80052,"14":3307.97155,"15":219.345,"16":6.25449,"17":5.9188,"18":241686.74143,"19":65264.78337,"20":42572.30182,"21":1135.99194,"22":101.80641,"23":4.57803,"24":1.68788,"25":5525188.2698900001,"26":2273687.1758400002,"27":103104.68105,"28":12423.33497,"29":3045.22408,"30":110.08108,"31":9.17737,"32":1.55281,"33":131869597.9808599949,"34":10448162.99663,"35":871735.58527,"36":150965.49191,"37":5407.21996,"38":787.01962,"39":47.87288,"40":4.77275,"41":4.82432},"Czas oblicze\u0144":{"0":0.7069606781,"1":0.3048233986,"2":0.0625038147,"3":7.7183480263,"4":1.6204586029,"5":3.2160606384,"6":0.5937895775,"7":20.0139956474,"8":20.0058999062,"9":20.0077307224,"10":17.6516702175,"11":1.0939724445,"12":20.0085999966,"13":20.0089995861,"14":20.0000395775,"15":20.0009584427,"16":20.0092692375,"17":20.0075345039,"18":20.013740778,"19":20.0072040558,"20":20.0042490959,"21":20.0119202137,"22":20.011282444,"23":20.0085477829,"24":20.0112090111,"25":20.0036740303,"26":20.0001599789,"27":20.0008940697,"28":20.0012903214,"29":20.0065591335,"30":20.0155820847,"31":20.0082244873,"32":20.010638237,"33":20.0062589645,"34":20.0134613514,"35":20.0107655525,"36":20.0025584698,"37":20.0063371658,"38":20.0110533237,"39":20.0086915493,"40":20.0099725723,"41":20.0064616203}}