{"n":{"0":1321198909,"1":43482956953,"2":170685248329,"3":70650551527,"4":220653924529,"5":2530759467919,"6":23249783088313,"7":243363925237,"8":1631330743321,"9":33522008547439,"10":726606263862961,"11":2275317259085461,"12":722327903137,"13":46254945667087,"14":63524912536021,"15":2071140763977457,"16":60159697711585939,"17":83869182647758609,"18":16960156571041,"19":524084781136333,"20":1389768580085359,"21":23964372438835687,"22":442300103575990207,"23":922551425557449067,"24":3670536229650993583,"25":325973737026781,"26":4191737775272053,"27":51538375423079227,"28":137367313217024203,"29":1182531533818353541,"30":12633289732091379781,"31":324596282282388165037,"32":798881040126493578841,"33":4758389035151497,"34":16474712320929997,"35":544922385688714771,"36":4012363126545183667,"37":46921789088113353643,"38":583267145363541331981,"39":452622776446011237091,"40":19837848727863591423223,"41":137856419726461988242573},"p\/q":{"0":620.66552,"1":9.69437,"2":2.39792,"3":1269.85561,"4":67.52765,"5":31.43451,"6":2.59786,"7":19409.05309,"8":1774.64821,"9":120.276,"10":8.52398,"11":1.53896,"12":653926.5337800001,"13":6611.80052,"14":3307.97155,"15":219.345,"16":6.25449,"17":5.9188,"18":241686.74143,"19":65264.78337,"20":42572.30182,"21":1135.99194,"22":101.80641,"23":4.57803,"24":1.68788,"25":5525188.2698900001,"26":2273687.1758400002,"27":103104.68105,"28":12423.33497,"29":3045.22408,"30":110.08108,"31":9.17737,"32":1.55281,"33":131869597.9808599949,"34":10448162.99663,"35":871735.58527,"36":150965.49191,"37":5407.21996,"38":787.01962,"39":47.87288,"40":4.77275,"41":4.82432},"Czas oblicze\u0144":{"0":0.0,"1":0.0156254768,"2":0.0,"3":0.0,"4":0.0,"5":0.0156428814,"6":0.0468780994,"7":0.0,"8":0.0,"9":0.0156092644,"10":0.0468785763,"11":0.1093988419,"12":0.0,"13":0.0,"14":0.0,"15":0.0156259537,"16":0.0781304836,"17":0.381955862,"18":0.0,"19":0.0156269073,"20":0.0,"21":0.0468769073,"22":0.6094169617,"23":0.2343904972,"24":1.2968201637,"25":0.0,"26":0.0,"27":0.0522742271,"28":0.0,"29":0.109389782,"30":0.3097476959,"31":2.0200715065,"32":2.8170557022,"33":0.0,"34":0.0,"35":0.0156376362,"36":0.0156259537,"37":0.2015347481,"38":1.0900595188,"39":0.4375286102,"40":5.4805085659,"41":9.4281737804}}