{"n":{"0":1321198909,"1":43482956953,"2":170685248329,"3":70650551527,"4":220653924529,"5":2530759467919,"6":23249783088313,"7":243363925237,"8":1631330743321,"9":33522008547439,"10":726606263862961,"11":2275317259085461,"12":722327903137,"13":46254945667087,"14":63524912536021,"15":2071140763977457,"16":60159697711585939,"17":83869182647758609,"18":16960156571041,"19":524084781136333,"20":1389768580085359,"21":23964372438835687,"22":442300103575990207,"23":922551425557449067,"24":3670536229650993583,"25":325973737026781,"26":4191737775272053,"27":51538375423079227,"28":137367313217024203,"29":1182531533818353541,"30":12633289732091379781,"31":324596282282388165037,"32":798881040126493578841,"33":4758389035151497,"34":16474712320929997,"35":544922385688714771,"36":4012363126545183667,"37":46921789088113353643,"38":583267145363541331981,"39":452622776446011237091,"40":19837848727863591423223,"41":137856419726461988242573},"p\/q":{"0":620.66552,"1":9.69437,"2":2.39792,"3":1269.85561,"4":67.52765,"5":31.43451,"6":2.59786,"7":19409.05309,"8":1774.64821,"9":120.276,"10":8.52398,"11":1.53896,"12":653926.5337800001,"13":6611.80052,"14":3307.97155,"15":219.345,"16":6.25449,"17":5.9188,"18":241686.74143,"19":65264.78337,"20":42572.30182,"21":1135.99194,"22":101.80641,"23":4.57803,"24":1.68788,"25":5525188.2698900001,"26":2273687.1758400002,"27":103104.68105,"28":12423.33497,"29":3045.22408,"30":110.08108,"31":9.17737,"32":1.55281,"33":131869597.9808599949,"34":10448162.99663,"35":871735.58527,"36":150965.49191,"37":5407.21996,"38":787.01962,"39":47.87288,"40":4.77275,"41":4.82432},"Czas oblicze\u0144":{"0":0.0,"1":0.031236887,"2":0.0624847412,"3":0.0,"4":0.0156450272,"5":0.0781297684,"6":0.7788932323,"7":0.0,"8":0.0,"9":0.1406481266,"10":2.4389045238,"11":8.0243368149,"12":0.0,"13":0.0156259537,"14":0.0312623978,"15":0.5228085518,"16":15.6956205368,"17":19.4624385834,"18":0.0,"19":0.0156290531,"20":0.031264782,"21":0.7652630806,"22":10.6591045856,"23":20.0095715523,"24":20.0043666363,"25":0.0,"26":0.0,"27":0.1093797684,"28":0.5378277302,"29":3.0869686604,"30":20.0060572624,"31":20.0019147396,"32":20.0033884048,"33":0.0,"34":0.0,"35":0.1321446896,"36":0.8125493526,"37":19.1425249577,"38":20.0111839771,"39":20.0072472095,"40":20.0042345524,"41":20.0138103962}}